,ID,Thread,Port,Event,Index,cstruct
0,s1,T10,9688008,send,1,
1,s2,T11,9688008,send,1,
2,s3,T12,9688008,send,1,
3,s4,T13,9688008,send,1,
4,s5,T14,9688008,send,1,
5,s6,T15,9688008,send,1,
6,s7,T16,9688008,send,1,
7,s8,T17,9688008,send,1,
8,s9,T18,9688008,send,1,
9,s10,T10,9688008,send,2,['s1']
10,s11,T11,9688008,send,2,['s2']
11,s12,T12,9688008,send,2,['s3']
12,s13,T13,9688008,send,2,['s4']
13,s14,T14,9688008,send,2,['s5']
14,s15,T15,9688008,send,2,['s6']
15,s16,T16,9688008,send,2,['s7']
16,s17,T17,9688008,send,2,['s8']
17,s18,T18,9688008,send,2,['s9']
18,s19,T10,9688008,send,3,"['s10', 's1']"
19,s20,T11,9688008,send,3,"['s11', 's2']"
20,s21,T12,9688008,send,3,"['s3', 's12']"
21,s22,T13,9688008,send,3,"['s4', 's13']"
22,s23,T14,9688008,send,3,"['s5', 's14']"
23,s24,T15,9688008,send,3,"['s6', 's15']"
24,s25,T16,9688008,send,3,"['s7', 's16']"
25,s26,T17,9688008,send,3,"['s8', 's17']"
26,s27,T18,9688008,send,3,"['s9', 's18']"
27,s28,T10,9688008,send,4,"['s19', 's10', 's1']"
28,s29,T11,9688008,send,4,"['s20', 's11', 's2']"
29,s30,T12,9688008,send,4,"['s3', 's21', 's12']"
30,s31,T13,9688008,send,4,"['s22', 's13', 's4']"
31,s32,T14,9688008,send,4,"['s5', 's23', 's14']"
32,s33,T15,9688008,send,4,"['s6', 's15', 's24']"
33,s34,T16,9688008,send,4,"['s7', 's16', 's25']"
34,s35,T17,9688008,send,4,"['s26', 's8', 's17']"
35,s36,T18,9688008,send,4,"['s27', 's18', 's9']"
36,s37,T10,9688008,send,5,"['s19', 's28', 's10', 's1']"
37,s38,T11,9688008,send,5,"['s29', 's20', 's11', 's2']"
38,s39,T12,9688008,send,5,"['s3', 's30', 's21', 's12']"
39,s40,T13,9688008,send,5,"['s22', 's4', 's13', 's31']"
40,s41,T14,9688008,send,5,"['s5', 's32', 's23', 's14']"
41,s42,T15,9688008,send,5,"['s6', 's33', 's15', 's24']"
42,s43,T16,9688008,send,5,"['s7', 's34', 's16', 's25']"
43,s44,T17,9688008,send,5,"['s26', 's8', 's17', 's35']"
44,s45,T18,9688008,send,5,"['s36', 's27', 's18', 's9']"
45,s46,T10,9688008,send,6,"['s1', 's19', 's28', 's10', 's37']"
46,s47,T11,9688008,send,6,"['s38', 's29', 's20', 's11', 's2']"
47,s48,T12,9688008,send,6,"['s21', 's39', 's30', 's12', 's3']"
48,s49,T13,9688008,send,6,"['s31', 's4', 's40', 's13', 's22']"
49,s50,T14,9688008,send,6,"['s23', 's14', 's5', 's32', 's41']"
50,s51,T15,9688008,send,6,"['s15', 's24', 's42', 's33', 's6']"
51,s52,T16,9688008,send,6,"['s25', 's34', 's16', 's7', 's43']"
52,s53,T17,9688008,send,6,"['s44', 's8', 's35', 's26', 's17']"
53,s54,T18,9688008,send,6,"['s45', 's9', 's36', 's27', 's18']"
54,s55,T10,9688008,send,7,"['s1', 's46', 's19', 's28', 's10', 's37']"
55,s56,T11,9688008,send,7,"['s38', 's29', 's20', 's11', 's2', 's47']"
56,s57,T12,9688008,send,7,"['s21', 's39', 's30', 's12', 's3', 's48']"
57,s58,T13,9688008,send,7,"['s31', 's49', 's4', 's40', 's13', 's22']"
58,s59,T14,9688008,send,7,"['s50', 's23', 's14', 's5', 's32', 's41']"
59,s60,T15,9688008,send,7,"['s15', 's24', 's42', 's33', 's51', 's6']"
60,s61,T16,9688008,send,7,"['s52', 's25', 's34', 's16', 's7', 's43']"
61,s62,T17,9688008,send,7,"['s44', 's8', 's35', 's26', 's17', 's53']"
62,s63,T18,9688008,send,7,"['s54', 's45', 's27', 's36', 's9', 's18']"
63,s64,T10,9688008,send,8,"['s1', 's46', 's19', 's28', 's10', 's55', 's37']"
64,s65,T11,9688008,send,8,"['s38', 's29', 's20', 's11', 's2', 's56', 's47']"
65,s66,T12,9688008,send,8,"['s21', 's39', 's30', 's57', 's12', 's3', 's48']"
66,s67,T13,9688008,send,8,"['s58', 's31', 's49', 's4', 's40', 's13', 's22']"
67,s68,T14,9688008,send,8,"['s50', 's23', 's14', 's59', 's5', 's32', 's41']"
